StoreName,City,Province,FullProvinceName,FullAddress,PostalCode
Trois-Rivières - Cap-de-la-Madeleine,Trois-Rivières,QC,Quebec,"407, rue Barkoff",G8T 2A5
Drummondville,Drummondville,QC,Quebec,"965, boulevard Saint-Joseph",J2C 2C4
Lévis - Président-Kennedy,Lévis,QC,Quebec,"95, route du Président-Kennedy",G6V 6C8
Québec - Lebourgneuf,Québec,QC,Quebec,"670, rue Bouvier",G2J 1A7
Saint-Jean-sur-Richelieu,Saint-Jean-sur-Richelieu,QC,Quebec,"174, boulevard Saint-Luc",J3A 0A7
Rimouski,Rimouski,QC,Quebec,"144, rue Saint-Germain Est",G5L 1A8
Québec - Sainte-Foy,Québec,QC,Quebec,"2750, chemin Sainte-Foy",G1V 1V6
Mirabel,Mirabel,QC,Quebec,"13421, boulevard Curé-Labelle",J7J 1H1
Mascouche,Mascouche,QC,Quebec,"172, montée Masson",J7K 3B5
Montréal - Métro Peel,Montréal,QC,Quebec,"970, rue Sainte-Catherine Ouest",H3B 1E3
Montréal - Marché Central,Montréal,QC,Quebec,"9256, boulevard de l'Acadie",H4N 3C5
Trois-Rivières Ouest,Trois-Rivières,QC,Quebec,"4455, boulevard Gene-H.-Kruger",G9A 4N3
Gatineau - de la Gappe,Gatineau,QC,Quebec,"73, boulevard de la Gappe",J8T 0B5
Brossard - boulevard Matte,Brossard,QC,Quebec,"2700, boulevard Matte",J4Y 2P3
Joliette,Joliette,QC,Quebec,"10, place Bourget Sud",J6E 5E7
Montréal - Métro Mont-Royal,Montréal,QC,Quebec,"1037, avenue Mont-Royal Est",H2J 1X7
Montréal - Métro Snowdon,Montréal,QC,Quebec,"5240, chemin Queen-Mary",H3W 1X5
Granby,Granby,QC,Quebec,"884, rue Principale",J2G 2Z3
Sainte-Agathe-des-Monts,Sainte-Agathe-des-Monts,QC,Quebec,"1272, rue Principale",J8C 1L9
Sherbrooke - King Ouest,Sherbrooke,QC,Quebec,"1681, rue King Ouest",J1J 2C8
Saint-Jérôme,Saint-Jérôme,QC,Quebec,"102, rue Valmont",J7Y 4Y2
Châteauguay,Châteauguay,QC,Quebec,"90, boulevard Saint-Jean-Baptiste",J6K 3A6
Saint-Georges de Beauce,Saint-Georges,QC,Quebec,"300, 107e rue",G5Y 0E2
Alma,Alma,QC,Quebec,"940, avenue du Pont Sud",G8B 2V8
Shawinigan-Sud,Shawinigan,QC,Quebec,"2070, 105e Avenue",G9P 1N7
Chicoutimi,Chicoutimi,QC,Quebec,"317, rue Montcalm",G7J 2V1
Rivière-du-Loup,Rivière-du-Loup,QC,Quebec,"450, rue Lafontaine",G5R 3C2
Mont-Tremblant,Mont-Tremblant,QC,Quebec,"1221, rue de Saint-Jovite",J8E 3J9
Saint-Hyacinthe,Saint-Hyacinthe,QC,Quebec,"3044, boulevard Choquette",J2S 1H1
Québec - Beauport,Québec,QC,Quebec,"2629, boulevard Louis-XIV",G1C 1C3
Québec - Les Saules,Québec,QC,Quebec,"3930, boulevard Wilfrid-Hamel",G1P 2J2
Grande-Rivière,Grande-Rivière,QC,Quebec,"33, Grande-Allée Est",G0C 1V0
Magog,Magog,QC,Quebec,"877, rue Principale Ouest",J1X 2B7
Sorel-Tracy,Sorel-Tracy,QC,Quebec,"350, boulevard Poliquin",J3P 0G4
Lachute,Lachute,QC,Quebec,"505, avenue Bethany",J8H 4A6
Matane,Matane,QC,Quebec,"1023, avenue du Phare Ouest",G4W 3M6
Pointe-Claire,Pointe-Claire,QC,Quebec,"1866-A, boulevard des Sources",H9R 5B1
Valleyfield,Valleyfield,QC,Quebec,"925, boulevard Monseigneur-Langlois",J6S 1B8
Repentigny,Repentigny,QC,Quebec,"131, rue Louvain",J6A 0A1
Beloeil,Beloeil,QC,Quebec,"150, rue Serge-Pépin",J3G 0K1
Longueuil - Greenfield Park,Longueuil,QC,Quebec,"1100, avenue Auguste",J4V 3R4
Boucherville,Boucherville,QC,Quebec,"20, boulevard de Mortagne",J4B 5K6
Val-d’Or,Val-d’Or,QC,Quebec,"1625, 3e avenue",J9P 1V7
Saint-Eustache,Saint-Eustache,QC,Quebec,"180, 25e Avenue",J7P 2V2
Mont-Laurier,Mont-Laurier,QC,Quebec,"1054, boulevard Albiny-Paquette",J9L 1M4
Sept-Îles,Sept-Îles,QC,Quebec,"602, boulevard Laure",G4R 1X9
La Malbaie,La Malbaie,QC,Quebec,"375, boulevard de Comporté",G5A 1H9
Coaticook,Coaticook,QC,Quebec,"45, rue Main Ouest",J1A 1P3
Saint-Félicien,Saint-Félicien,QC,Quebec,"1124, boulevard Saint-Félicien",G8K 2X8
Montréal - Village,Montréal,QC,Quebec,"1984, rue Sainte-Catherine Est",H2K 2H7
Sherbrooke - Fleurimont,Sherbrooke,QC,Quebec,"1482, 12e Avenue",J1E 3V5
Varennes,Varennes,QC,Quebec,"1627, route 132",J3X 1P7
Sainte-Anne-de-Beaupré,Sainte-Anne-De-Beaupré,QC,Quebec,"9749, boulevard Sainte-Anne",G0A 3C0
Cowansville,Cowansville,QC,Quebec,"1599, rue du Sud",J2K 2Z4
Thetford Mines,Thetford Mines,QC,Quebec,"4065, boulevard Frontenac Ouest",G6H 2A7
Pincourt,Pincourt,QC,Quebec,"101, boulevard Cardinal-Léger",J7W 3Y3
Saint-Hubert - Boul. des Promenades,Saint-Hubert,QC,Quebec,"1557, boulevard des Promenades",J3Y 5K2
Rouyn-Noranda,Rouyn-Noranda,QC,Quebec,"229, boulevard Rideau",J9X 5Y6
Sainte-Thérèse,Sainte-Thérèse,QC,Quebec,"95, boulevard du Curé-Labelle",J7E 2X6
Victoriaville,Victoriaville,QC,Quebec,"650, boulevard Jutras Est",G6S 1E1
Saint-Nicolas,Lévis,QC,Quebec,"1855, route des Rivières",G7A 4X8
Québec - Val-Bélair,Québec,QC,Quebec,"1870, avenue Industrielle",G3K 1M4
Montréal - Crescent,Montréal,QC,Quebec,"1414, rue Crescent",H3G 2B6
Laval - Sainte-Dorothée,Laval,QC,Quebec,"2404, Desserte Ouest Chomedey (A-13)",H7X 4G8
Baie-Comeau,Baie-Comeau,QC,Quebec,"337, boulevard La Salle",G4Z 2Z1
Terrebonne,Terrebonne,QC,Quebec,"900, boulevard des Seigneurs",J6W 1V1
Vaudreuil-Dorion,Vaudreuil-Dorion,QC,Quebec,"22800, chemin Dumberry",J7V 0M8
Québec - Quai Saint-André,Québec,QC,Quebec,"16, Quai Saint-André",G1K 9B7
Québec - Neufchâtel,Québec,QC,Quebec,"2425, boulevard Bastien",G2B 1B3
Montréal - Pointe-aux-Trembles,Montréal,QC,Quebec,"12910, rue Sherbrooke Est",H1A 4Y3
Ville-Marie,Ville-Marie,QC,Quebec,"38, rue des Oblats Nord",J9V 1J5
Carleton-sur-Mer,Carleton-sur-Mer,QC,Quebec,"598-D, boulevard Perron",G0C 1J0
Laval - Chomedey,Laval,QC,Quebec,"2160, boulevard des Laurentides",H7M 2Y6
Lac-Mégantic,Lac-Mégantic,QC,Quebec,"5525, rue Papineau",G6B 0C8
Montréal - Métro Langelier,Montréal,QC,Quebec,"3235, avenue de Granby",H1N 2Z7
Gatineau - Buckingham,Gatineau,QC,Quebec,"162, avenue Lépine",J8L 4M4
Laval - Autoroutes 19 et 440,Laval,QC,Quebec,"5800, boulevard Robert-Bourassa",H7E 0A5
Chibougamau,Chibougamau,QC,Quebec,"451, 3e rue",G8P 1N6
Québec - Quatre-Bourgeois,Québec,QC,Quebec,"3440, chemin des Quatre-Bourgeois",G1W 4T3
Montréal - Promenade Masson,Montréal,QC,Quebec,"3311, rue Masson",H1X 1R3
Montréal - Boul. Newman (LaSalle),Montréal,QC,Quebec,"6819, boulevard Newman",H8N 3E4
Rawdon,Rawdon,QC,Quebec,"3163, 1re Avenue",J0K 1S0
Montréal - Métro Jarry,Montréal,QC,Quebec,"8095, rue Lajeunesse",H2R 2J7
La Tuque,La Tuque,QC,Quebec,"1541, boulevard Ducharme",G9X 4R7
Montréal - Anjou - Autoroute 40,Montréal,QC,Quebec,"9201, boulevard Métropolitain Est",H1J 1K2
Aylmer,Gatineau,QC,Quebec,"559, chemin Vanier",J9J 4L2
Montréal - Métro Place Saint-Henri,Montréal,QC,Quebec,"3771, rue Notre-Dame Ouest",H4C 1P8
Montréal - Fleury-Papineau,Montréal,QC,Quebec,"1795, rue Fleury Est",H2C 1T3
Gaspé,Gaspé,QC,Quebec,"167, rue de la Reine",G4X 2W6
Piedmont,Piedmont,QC,Quebec,"700, chemin Jean-Adam",J0R 1R3
Montréal - Saint-Denis - Rachel,Montréal,QC,Quebec,"4156, rue Saint-Denis",H2W 2M5
Montréal - Notre-Dame (Lachine),Montréal,QC,Quebec,"980, rue Notre-Dame",H8S 2B9
Jonquière,Jonquière,QC,Quebec,"3827, rue De Montcalm",G7X 1V9
Montréal - Notre-Dame E (Tétreaultville),Montréal,QC,Quebec,"8295, rue Notre Dame Est",H1L 3L2
Longueuil - Place Longueuil,Longueuil,QC,Quebec,"825, rue Saint-Laurent Ouest",J4K 2V1
Montréal-Nord,Montréal,QC,Quebec,"6158, boulevard Henri-Bourassa",H1G 5X3
Montréal - Métro Acadie,Montréal,QC,Quebec,"895, avenue Beaumont",H3N 1W2
Montréal - Saint-Laurent (Mile End),Montréal,QC,Quebec,"5060, boulevard Saint-Laurent",H2T 1R7
Donnacona,Donnacona,QC,Quebec,"164, boulevard Des Écureuils",G3M 0J2
Richelieu,Richelieu,QC,Quebec,"505, boulevard Richelieu",J3L 4Y3
Sainte-Marie,Sainte-Marie,QC,Quebec,"1035, boulevard Vachon Nord",G6E 1M4
Sainte-Julie,Sainte-Julie,QC,Quebec,"310, rue de Murano",J3E 0C6
Montmagny,Montmagny,QC,Quebec,"89, boulevard Taché Ouest",G5V 3A6
Bromont,Bromont,QC,Quebec,"82, boulevard de Bromont",J2L 2K3
Amqui,Amqui,QC,Quebec,"30, boulevard Saint-Benoît",G5J 2B7
Montréal - Boul. de Pierrefonds,Montréal,QC,Quebec,"15755, boulevard de Pierrefonds",H9H 3X6
Vieux-Montréal,Montréal,QC,Quebec,"84, rue Saint-Paul Est",H2Y 1G6
Saint-Félix-de-Valois,Saint-Félix-de-Valois,QC,Quebec,"4310, rue Principale",J0K 2M0